Title, Year, ID
"(500) Days of Summer", 2009
"[REC]", 2007
"12", 2007
"12 Angry Men", 1957
"12 Years a Slave", 2013
"127 Hours", 2010
"13 Assassins", 2010
"13 Tzameti", 2005
"13th", 2016
"1900", 1976
"2 Days in Paris", 2007
"2 or 3 Things I Know About Her", 1967
"2001: A Space Odyssey", 1968
"2046", 2004
"20th Century Women", 2016
"21 Grams", 2003
"25th Hour", 2002
"28 Days Later", 2002
"3 Idiots", 2009
"3 Women", 1977
"3:10 to Yuma", 2007
"300", 2006
"35 Shots of Rum", 2009
"The 36th Chamber of Shaolin", 1978
"The 39 Steps", 1935
"3-Iron", 2004
"4 Months, 3 Weeks and 2 Days", 2007
"The 400 Blows", 1959
"42nd Street", 1933
"The 47 Ronin", 1941
"5 Centimeters Per Second", 2007
"50/50", 2011
"71 Fragments of a Chronology of Chance", 1994
"8½", 1963
"À Nos Amours", 1983
"À Nous La Liberté", 1931
"A.I. Artificial Intelligence", 2001
"Abbott and Costello Meet Frankenstein", 1948
"The Abominable Dr. Phibes", 1971
"About Elly", 2015
"About Schmidt", 2002
"About Time", 2013
"Abraham's Valley", 1993
"The Abyss", 1989
"Accattone", 1961
"The Accidental Tourist", 1988
"Ace in the Hole", 1951
"Ace Ventura: Pet Detective", 1994
"The Act of Killing", 2012
"Adam's Apples", 2005
"Adam's Rib", 1949
"Adaptation.", 2002
"The Addiction", 1995
"The Adventures of Prince Achmed", 1926
"The Adventures of Priscilla, Queen of the Desert", 1994
"The Adventures of Robin Hood", 1938
"Aelita: Queen of Mars", 1924
"The African Queen", 1951
"After Hours", 1985
"After Life", 1998
"After the Wedding", 2006
"The Age of the Earth", 1980
"The Age of Innocence", 1993
"Aguirre: The Wrath of God", 1972
"Aileen Wuornos: The Selling of a Serial Killer", 1992
"Aileen: Life and Death of a Serial Killer", 2003
"Air Force One", 1997
"Airlift", 2016
"Airplane!", 1980
"Akira", 1988
"Aladdin", 1992
"Alexander Nevsky", 1938
"Ali Zaoua: Prince of the Streets", 2000
"Ali: Fear Eats the Soul", 1974
"Alice", 1988
"Alice in the Cities", 1974
"Alice in Wonderland", 1951
"Alien", 1979
"Aliens", 1986
"Alive Inside", 2014
"All About Eve", 1950
"All About Lily Chou-Chou", 2001
"All About My Mother", 1999
"All the President's Men", 1976
"All Quiet on the Western Front", 1930
"All That Heaven Allows", 1955
"All That Jazz", 1979
"Almost Famous", 2000
"Alphaville", 1965
"Amadeus", 1984
"Amarcord", 1973
"Amazing Grace", 2006
"Amélie", 2001
"American Beauty", 1999
"The American Friend", 1977
"American Gangster", 2007
"American Graffiti", 1973
"American Hardcore", 2006
"American History X", 1998
"American Honey", 2016
"American Hustle", 2013
"American Movie", 1999
"The American President", 1995
"American Psycho", 2000
"American Splendor", 2003
"Amores Perros", 2000
"Amour", 2012
"An Actor's Revenge", 1963
"An Affair to Remember", 1957
"An American in Paris", 1951
"An American Werewolf in London", 1981
"An Angel at My Table", 1990
"An Autumn Afternoon", 1962
"An Average Little Man", 1977
"An Education", 2009
"Anatahan", 1953
"Anatomy of a Murder", 1959
"Anchorman: The Legend of Ron Burgundy", 2004
"And Now for Something Completely Different", 1971
"And Then There Were None", 1945
"Andaz Apna Apna", 1994
"Andhadhun", 2018
"Andrei Rublev", 1966
"Angel", 1937
"Angel Face", 1952
"Angel's Egg", 1985
"Angels With Dirty Faces", 1938
"Animal Farm", 1954
"Animal House", 1978
"Animal Kingdom", 2010
"Anne of Green Gables", 1985
"Annie Hall", 1977
"Anomalisa", 2015
"Another Earth", 2011
"Another Year", 2010
"Antoine and Colette", 1962
"Antonia's Line", 1995
"Antonio Das Mortes", 1969
"Antz", 1998
"Anvil! the Story of Anvil", 2008
"Aparajito", 1956
"The Apartment", 1960
"Apocalypse Now", 1979
"Apocalypto", 2006
"Apollo 13", 1995
"The Appaloosa", 1966
"Arabian Nights", 1974
"Ararat", 2002
"Araya", 1959
"Archangel", 1990
"Argo", 2012
"Ariel", 1988
"The Aristocrats", 2005
"Arizona Dream", 1993
"Army of Darkness", 1992
"Army of Shadows", 1969
"Arrival", 2016
"The Arrival of a Train at La Ciotat", 1896
"Arsenic and Old Lace", 1944
"Arthur", 1981
"The Artist", 2011
"Artists and Models", 1955
"As Good as It Gets", 1997
"As I Was Moving Ahead Occasionally I Saw Brief Glimpses of Beauty", 2000
"The Ascent", 1977
"Ashes and Diamonds", 1958
"The Asphalt Jungle", 1950
"The Assassin", 2015
"The Assassination of Jesse James by the Coward Robert Ford", 2007
"Assault on Precinct 13", 1976
"Assault on Precinct 13", 2005
"The Asthenic Syndrome", 1990
"At Land", 1944
"Atlantic City", 1980
"Atonement", 2007
"Attack the Gas Station!", 1999
"Au Hasard Balthazar", 1966
"Au Revoir Les Enfants", 1987
"Audition", 1999
"Autumn Sonata", 1978
"Ava", 2017
"Avatar", 2009
"The Avengers", 2012
"Avengers: Age of Ultron", 2015
"Avengers: Infinity War", 2018
"The Aviator", 2004
"Awakenings", 1990
"The Awful Truth", 1937
"Baahubali: The Beginning", 2015
"Baahubali 2: The Conclusion", 2017
"Babe", 1995
"Babel", 2006
"Babes in Arms", 1939
"Babette's Feast", 1987
"Baby", 2015
"Baby Driver", 2017
"Baby Face", 1933
"Babylon 5: The Gathering", 1993
"Bacheha-Ye Aseman", 1997
"Back to the Future", 1985
"Back to the Future Part II", 1989
"The Bad and the Beautiful", 1952
"Bad Black", 2016
"Bad Connection", 2000
"Bad Day at Black Rock", 1955
"Bad Education", 2004
"Bad Lieutenant", 1992
"The Bad Seed", 1956
"The Bad Sleep Well", 1960
"Bad Taste", 1987
"Bad Timing", 1980
"Badlands", 1973
"Bajrangi Bhaijaan", 2015
"The Baker's Wife", 1938
"The Bakery Girl of Monceau", 1963
"The Ballad of Narayama", 1983
"Ballet Mécanique", 1924
"Bambi", 1942
"Band of Outsiders", 1964
"The Band Wagon", 1953
"The Bandit", 1996
"The Bank Dick", 1940
"Baraka", 1992
"The Barbarian Invasions", 2003
"The Barefoot Contessa", 1954
"Barfi!", 2012
"Barren Lives", 1963
"Barry Lyndon", 1975
"Barton Fink", 1991
"Baseball", 1994
"Basic Instinct", 1992
"Batman", 1989
"Batman Returns", 1992
"Batman: Mask of the Phantasm", 1993
"Batman Begins", 2005
"The Battle of Algiers", 1966
"The Battle of Chile - Part I", 1975
"The Battle of San Pietro", 1945
"Battle Royale", 2000
"Battleship Potemkin", 1925
"The Beaches of Agnès", 2008
"Beasts of No Nation", 2015
"Beasts of the Southern Wild", 2012
"Beat the Devil", 1953
"Beau Travail", 2000
"A Beautiful Mind", 2001
"Beautiful Thing", 1996
"Beauty and the Beast", 1946
"Beauty and the Beast", 1991
"Bed and Board", 1970
"Beetlejuice", 1988
"Before Sunrise", 1995
"Before Sunset", 2004
"Before Midnight", 2013
"Before the Rain", 1994
"Before the Revolution", 1964
"Beginners", 2010
"Behind the Door", 1919
"Being John Malkovich", 1999
"Being There", 1979
"Belle De Jour", 1967
"Ben-Hur", 1959
"Benny's Video", 1993
"Berlin Alexanderplatz", 1980
"Berlin: Symphony of a Great City", 1927
"Best in Show", 2000
"The Best of Youth", 2003
"The Best Offer", 2013
"The Best Years of Our Lives", 1946
"Better Luck Tomorrow", 2002
"Better off Dead...", 1985
"Betty Blue", 1986
"Beverly Hills Cop", 1984
"Beyond the Black Rainbow", 2010
"Beyond the Hills", 2012
"Beyond Silence", 1996
"Beyond the Valley of the Dolls", 1970
"Bhaag Milkha Bhaag", 2013
"Bicycle Thieves", 1948
"Big", 1988
"Big Bad Wolves", 2013
"The Big Blue", 1988
"The Big Boss", 1971
"The Big Chill", 1983
"The Big Country", 1958
"Big Deal on Madonna Street", 1958
"Big Fish", 2003
"The Big Gundown", 1966
"The Big Heat", 1953
"Big Hero 6", 2014
"The Big Lebowski", 1998
"Big Night", 1996
"The Big Parade", 1925
"The Big Red One", 1980
"The Big Short", 2015
"The Big Sick", 2017
"The Big Sky", 1952
"The Big Sleep", 1946
"Big Trouble in Little China", 1986
"The Bigamist", 1953
"Bigger Than Life", 1956
"Bilbao", 1978
"Bill Hicks: Revelations", 1993
"Billy Elliot", 2000
"The Bird With the Crystal Plumage", 1970
"Birdman", 2014
"The Birds", 1963
"The Birth of a Nation", 1915
"The Bitter Tears of Petra Von Kant", 1972
"The Bitter Tea of General Yen", 1933
"A Bittersweet Life", 2005
"Biutiful", 2010
"Bla", Blac
"Black Book", 2006
"The Black Cat", 1934
"Black Cat, White Cat", 1998
"Black Girl", 1966
"Black God, White Devil", 1964
"Black Hawk Down", 2001
"Black Moon", 1975
"Black Narcissus", 1947
"Black Orpheus", 1959
"Black Panther", 2018
"Black Sunday", 1960
"Black Swan", 2010
"Black Wind", 1964
"Blackmail", 1929
"Blade II", 2002
"Blade Runner", 1982
"Blade Runner 2049", 2017
"The Blair Witch Project", 1999
"Blancanieves", 2012
"Blazing Saddles", 1974
"The Blind Side", 2009
"Blissfully Yours", 2002
"The Blob", 1958
"The Blob", 1988
"Blonde Cobra", 1963
"Blood Diamond", 2006
"Blood of the Beasts", 1949
"The Blood of a Poet", 1932
"Blood Simple", 1984
"Blood Wedding", 1980
"Bloody Sunday", 2002
"Blow", 2001
"Blow Out", 1981
"Blow-Up", 1966
"Blue", 1993
"The Blue Angel", 1930
"Blue Is the Warmest Color", 2013
"The Blue Kite", 1994
"Blue Strait", 2015
"Blue Valentine", 2010
"Blue Velvet", 1986
"The Blues Brothers", 1980
"Bob Le Flambeur", 1956
"The Body", 2012
"Body Double", 1984
"Body Heat", 1981
"Bohemian Rhapsody", 2018
"Bone Tomahawk", 2015
"Bonnie and Clyde", 1967
"Boogie", 2009
"Boogie Nights", 1997
"The Boondock Saints", 1999
"Borat: Cultural Learnings of America for Make Benefit Glorious Nation of Kazakhstan", 2006
"The Bothersome Man", 2006
"Boudu Saved From Drowning", 1932
"Bound", 1996
"Bound by Honor", 1993
"The Bourne Identity", 2002
"The Bourne Supremacy", 2004
"The Bourne Ultimatum", 2007
"Bowling for Columbine", 2002
"Boy a", 2007
"The Boy in the Striped Pyjamas", 2008
"Boyhood", 2014
"Boys Don't Cry", 1999
"Boyz N the Hood", 1991
"Braindead", 1992
"Bram Stoker's Dracula", 1992
"Branded to Kill", 1967
"Braveheart", 1995
"Brazil", 1985
"Breakfast at Tiffany's", 1961
"The Breakfast Club", 1985
"Breaking Away", 1979
"Breaking the Waves", 1996
"The Breath", 2009
"Breathless", 1960
"Brick", 2005
"Bride of Frankenstein", 1935
"Bridesmaids", 2011
"Bridge of Spies", 2015
"The Bridge on the River Kwai", 1957
"The Bridges of Madison County", 1995
"Brief Encounter", 1945
"A Brighter Summer Day", 1991
"Brightness", 1987
"Brighton Rock", 2010
"Bring Me the Head of Alfredo Garcia", 1974
"Bringing Up Baby", 1938
"Broadcast News", 1987
"Brokeback Mountain", 2005
"Broken Blossoms", 1919
"The Broken Circle Breakdown", 2012
"A Bronx Tale", 1993
"Brooklyn", 2015
"Brotherhood of the Wolf", 2001
"The Brothers Bloom", 2008
"Bruce Lee: A Warrior's Journey", 2000
"Buffalo '66", 1998
"A Bug's Life", 1998
"Bugsy Malone", 1976
"Bull Durham", 1988
"Bullets Over Broadway", 1994
"Bullitt", 1968
"Bunny Lake Is Missing", 1965
"Burden of Dreams", 1982
"The Burmese Harp", 1956
"Burnt by the Sun", 1994
"Bus 174", 2002
"Butch Cassidy and the Sundance Kid", 1969
"The Butcher Boy", 1997
"The Butterfly Effect", 2004
"By the Bluest of Seas", 1936
"C.R.A.Z.Y.", 2005
"Cabaret", 1972
"The Cabin in the Woods", 2012
"The Cabinet of Dr. Caligari", 1920
"Cache", 2005
"The Caine Mutiny", 1954
"Cairo Station", 1958
"Call Me by Your Name", 2017
"The Cameraman", 1928
"Camille", 1936
"Candy", 2006
"Candyman", 1992
"Canoa: A Shameful Memory", 1976
"A Canterbury Tale", 1944
"Cape Fear", 1962
"Capote", 2005
"Captain America: The Winter Soldier", 2014
"Captain America: Civil War", 2016
"Captain Blood", 1935
"Captain Fantastic", 2016
"Captain Phillips", 2013
"Captains Courageous", 1937
"The Captive", 2000
"Capturing the Friedmans", 2003
"Caravaggio", 1986
"Carlito's Way", 1993
"Carmen Jones", 1954
"Carnival of Souls", 1962
"Caro Diario", 1993
"Carol", 2015
"Carrie", 1976
"Casablanca", 1942
"Casino", 1995
"Casino Royale", 2006
"Casque D'or", 1952
"Cast Away", 2000
"The Castle", 1997
"Castle in the Sky", 1986
"The Cat Concerto", 1947
"Cat on a Hot Tin Roof", 1958
"Cat People", 1942
"Catch Me If You Can", 2002
"Cave of Forgotten Dreams", 2010
"Ceddo", 1977
"The Celebration", 1998
"Celine and Julie Go Boating", 1974
"Cell 211", 2009
"Center Stage", 1991
"Central Station", 1998
"Certified Copy", 2010
"Chak De! India", 2007
"Changeling", 2008
"The Chant of Jimmie Blacksmith", 1978
"The Chaos Class", 1975
"The Chaos Class Failed the Class", 1976
"The Chaos Class Is Waking Up", 1977
"Chaplin", 1992
"Charade", 1963
"Chariots of Fire", 1981
"A Charlie Brown Christmas", 1965
"Charulata", 1964
"The Chaser", 2008
"Chasing Amy", 1997
"Cheech & Chong's Next Movie", 1980
"Chef", 2014
"Chelsea Girls", 1966
"Chennai Express", 2013
"Chicago", 1927
"Chicago", 2002
"Chicken Run", 2000
"The Child", 2005
"Children of Heaven", 1997
"Children of a Lesser God", 1986
"Children of Men", 2006
"Children of Paradise", 1945
"Chimes at Midnight", 1965
"Chinatown", 1974
"A Chinese Ghost Story", 1987
"Chocolate Strawberry Vanilla", 2013
"The Chorus", 2004
"Christ Stopped at Eboli", 1979
"A Christmas Carol", 1951
"A Christmas Story", 1983
"A Christmas Tale", 2008
"The Chronicle of Anna Magdalena Bach", 1968
"Chronicle of a Summer", 1961
"Chungking Express", 1994
"The Cider House Rules", 1999
"Cinderella Man", 2005
"Cinema Paradiso", 1988
"Circumstance", 2011
"The Circus", 1928
"Citizen Kane", 1941
"Citizenfour", 2014
"City Lights", 1931
"City of God", 2002
"City of Life and Death", 2009
"The City of Lost Children", 1995
"A City of Sadness", 1989
"The Civil War", 1990
"Claire's Knee", 1970
"Clandestinos", 2008
"The Class", 2008
"Cléo From 5 to 7", 1962
"Clerks", 1994
"Climates", 2006
"The Clock", 1945
"A Clockwork Orange", 1971
"Close Encounters of the Third Kind", 1977
"A Close Shave", 1995
"Closely Watched Trains", 1966
"Close-Up", 1990
"Cloud Atlas", 2012
"The Cloud-Capped Star", 1960
"Cloverfield", 2008
"The Club", 2015
"Clue: The Movie", 1985
"Clueless", 1995
"CM101MMXI Fundamentals", 2013
"Cobain: Montage of Heck", 2015
"Coco", 2017
"Code Unknown", 2000
"Coherence", 2013
"Colassal", 2017
"Collateral", 2004
"The Color of Pomegranates", 1969
"The Color Purple", 1985
"Colossal Youth", 2006
"Come and See", 1985
"Come Drink With Me", 1966
"The Commitments", 1991
"Con Air", 1997
"Confessions", 2010
"The Conformist", 1970
"The Consequences of Love", 2004
"The Constant Gardener", 2005
"Contact", 1997
"Contempt", 1963
"Control", 2007
"The Conversation", 1974
"The Cook, the Thief, His Wife & Her Lover", 1989
"Cool Hand Luke", 1967
"The Cool World", 1963
"Coraline", 2009
"The Count of Monte Cristo", 2002
"The Counterfeiters", 2007
"A Countess From Hong Kong", 1967
"Courage for Every Day", 1964
"Courage Under Fire", 1996
"The Cove", 2009
"The Cow", 1969
"Cowboy Bebop: The Movie", 2001
"The Cranes Are Flying", 1957
"Crank", 2006
"Crash", 2005
"Crash", 1996
"Creed", 2015
"Creed II", 2018
"Cría Cuervos", 1976
"Cries and Whispers", 1972
"The Crime of Monsieur Lange", 1936
"Crimes and Misdemeanors", 1989
"The Criminal Life of Archibaldo De La Cruz", 1955
"Crimson Tide", 1995
"Cronos", 1993
"Crouching Tiger, Hidden Dragon", 2000
"The Crow", 1994
"The Crowd", 1928
"The Crucified Lovers", 1954
"Crumb", 1994
"The Crying Game", 1992
"Cube", 1997
"Cul-De-Sac", 1966
"The Curious Case of Benjamin Button", 2008
"The Curse of the Were-Rabbit", 2005
"The Cutting Edge", 1992
"Cyclo", 1995
"Cyrano De Bergerac", 1990
"D.I.Y. or Die: How to Survive as an Independent Artist", 2002
"Daisies", 1966
"Dallas Buyers Club", 2013
"Damnation", 1988
"The Damned", 1969
"The Damned United", 2009
"Dance, Girl, Dance", 1940
"Dancer in the Dark", 2000
"Dances With Wolves", 1990
"Dangal", 2016
"Danger Diabol", Dang
"Dangerous Liaisons", 1988
"Daniel, the Wizard", 2004
"Dark City", 1998
"The Dark Knight", 2008
"The Dark Knight Rises", 2012
"Darling", 1965
"Das Boot", 1981
"Daughters of the Dust", 1991
"David Holzman's Diary", 1967
"Dawn of the Dead", 1978
"Dawn of the Planet of the Apes", 2014
"Dawson City: Frozen Time", 2016
"The Day the Earth Stood Still", 1951
"Day for Night", 1973
"A Day in the Country", 1936
"The Day of the Jackal", 1973
"Day of Wrath", 1943
"Days of Being Wild", 1990
"Days of Heaven", 1978
"Days of Santiago", 2004
"Dazed and Confused", 1993
"The Dead", 1987
"Dead Again", 1991
"Dead Man", 1995
"Dead Man Walking", 1995
"Dead Man's Shoes", 2004
"Dead Poets Society", 1989
"Dead Ringers", 1988
"Deadpool", 2016
"Deadpool 2", 2018
"Dear Dia", Dear
"Dear Frankie", 2004
"Death by Hanging", 1968
"Death in Brunswick", 1990
"Death in Venice", 1971
"Death Note", 2006
"The Death of Mr. Lazarescu", 2005
"The Decalogue", 1989
"The Decameron", 1971
"The Decline of the American Empire", 1986
"Deconstructing Harry", 1997
"Deep End", 1970
"Deep Red", 1975
"The Deer Hunter", 1978
"Deewaar", 1975
"The Defiant Ones", 1958
"Delicatessen", 1991
"Deliverance", 1972
"The Departed", 2006
"Departures", 2008
"Dersu Uzala", 1975
"The Descendants", 2011
"Deseret", 1995
"Design for Living", 1933
"Despicable Me", 2010
"Destination Moon", 1950
"Destry Rides Again", 1939
"Detachment", 2011
"Detour", 1945
"Dev.D", 2009
"The Devil and Daniel Johnston", 2005
"The Devil, Probably", 1977
"The Devils", 1971
"The Devil's Backbone", 2001
"Diabolique", 1955
"Dial M for Murder", 1954
"Diaries Notes and Sketches", 1969
"A Diary for Timothy", 1945
"Diary of a Chambermaid", 1964
"Diary of a Country Priest", 1951
"The Diary of a Teenage Girl", 2015
"Die Hard", 1988
"Die Hard: With a Vengeance", 1995
"Dil Chahta Hai", 2001
"Dilwale Dulhania Le Jayenge", 1995
"Dimensions of Dialogue", 1983
"Diner", 1982
"The Dinner Game", 1998
"Dirty Dancing", 1987
"The Dirty Dozen", 1967
"Dirty Harry", 1971
"The Discreet Charm of the Bourgeoisie", 1972
"The Dish", 2000
"Distant", 2002
"Distant Voices, Still Lives", 1988
"District 9", 2009
"Diva", 1981
"The Diving Bell and the Butterfly", 2007
"Divorce Italian Style", 1961
"Django", 1966
"Django Unchained", 2012
"Do the Right Thing", 1989
"The Docks of New York", 1928
"Doctor Zhivago", 1965
"Dodes'ka-Den", 1970
"Dodsworth", 1936
"Dog Day Afternoon", 1975
"Dog Soldiers", 2002
"Dog Star Man", 1964
"Dogma", 1999
"Dogtooth", 2009
"Dogville", 2003
"Dolls", 2002
"Don Juan Demarco", 1994
"Donnie Brasco", 1997
"Donnie Darko", 2001
"Dont Look Back", 1967
"Don't Look Now", 1973
"Double Indemnity", 1944
"The Double Life of Veronique", 1991
"Down by Law", 1986
"Downfall", 2004
"Dr. Mabuse, the Gambler", 1922
"Dr. Strangelove Or: How I Learned to Stop Worrying and Love the Bomb", 1964
"Dracula", 1958
"Dracula", 1931
"The Draughtsman's Contract", 1982
"The Dreamlife of Angels", 1998
"Dreams", 1990
"Drishyam", 2015
"Drive", 1997
"Drive", 2011
"Driving Miss Daisy", 1989
"Drowning by Numbers", 1988
"Drug War", 2012
"Drugstore Cowboy", 1989
"Drunken Angel", 1948
"Drunken Master", 1978
"Duck Soup", 1933
"Duck, You Sucker", 1971
"Dude Bro Party Massacre III", 2015
"Duel", 1971
"Duel in the Sun", 1946
"Dumb and Dumber", 1994
"Dumbo", 1941
"Dunkirk", 2017
"Dust in the Wind", 1986
"E.T. the Extra-Terrestrial", 1982
"The Eagle", 1925
"The Ear", 1970
"Early Summer", 1951
"The Earrings of Madame De...", 1953
"Earth", 1930
"East of Eden", 1955
"Eastern Condors", 1987
"Eastern Promises", 2007
"Easy Rider", 1969
"Eat Drink Man Woman", 1994
"Eating Raoul", 1982
"Ectasy", 1933
"Ed Wood", 1994
"The Edge of Heaven", 2007
"Edge of Tomorrow", 2014
"Edvard Munch", 1974
"Edward Scissorhands", 1990
"Él", 1953
"El Dorado", 1966
"El Mariachi", 1992
"El Norte", 1983
"El Sur", 1983
"El Topo", 1970
"Election", 1999
"Electra Glide in Blue", 1973
"Elephant", 1989
"Elephant", 2003
"The Elephant Man", 1980
"Elevator to the Gallows", 1958
"Elisa Antes Del Fin Del Mundo", 1997
"Elite Squad", 2007
"Elite Squad: The Enemy Within", 2010
"Elizabeth", 1998
"Emma", 1996
"The Emperor's Naked Army Marches on", 1987
"Empire of the Sun", 1987
"Empire Records", 1995
"The Empire Strikes Back", 1980
"Enchanted", 2007
"Encounters at the End of the World", 2007
"The End of Evangelion", 1997
"The End of Summer", 1961
"End of Watch", 2012
"Enduring Love", 2004
"Enemy at the Gates", 2001
"The English Patient", 1996
"English Vinglish", 2012
"The Enigma of Kaspar Hauser", 1974
"Enter the Dragon", 1973
"Enter the Void", 2009
"Entranced Earth", 1967
"Eraserhead", 1977
"Erin Brockovich", 2000
"Erotikon", 1929
"Escape From Alcatraz", 1979
"Escape From New York", 1981
"Eternal Sunshine of the Spotless Mind", 2004
"Eternity and a Day", 1998
"Europa", 1991
"Europa Europa", 1990
"Europe '51", 1952
"Ever After: A Cinderella Story", 1998
"Every Man for Himself", 1980
"Everyone Says I Love You", 1996
"Evil", 2003
"The Evil Dead", 1981
"Evil Dead II", 1987
"Evita", 1996
"Ex Machina", 2015
"Excalibur", 1981
"The Executioner", 1963
"Exiled", 2006
"The Exiles", 1961
"Exit Through the Gift Shop", 2010
"The Exorcist", 1973
"Exotica", 1994
"The Experiment", 2001
"The Exterminating Angel", 1962
"Eyes Wide Shut", 1999
"Eyes Without a Face", 1960
"F for Fake", 1973
"The Face of Another", 1966
"Face/Off", 1997
"Faces", 1968
"Fahrenheit 9/11", 2004
"The Fall", 2008
"Fallen Angel", 1945
"Fallen Angels", 1995
"Falling Down", 1993
"Fanny & Alexander", 1982
"Fantasia", 1940
"Fantastic Mr. Fox", 2009
"Fantastic Planet", 1973
"Far From Heaven", 2002
"Farewell My Concubine", 1993
"Fargo", 1996
"Fast Times at Ridgemont High", 1982
"Fast, Cheap & Out of Control", 1997
"Faster, Pussycat! Kill! Kill!", 1965
"Fat City", 1972
"Fat Girl", 2001
"Fatal Attraction", 1987
"Father", 1966
"The Fault in Our Stars", 2014
"Faust", 1994
"Faust", 1926
"The Favourite", 2018
"FDR: American Badass!", 2012
"Fear and Loathing in Las Vegas", 1998
"Fearless", 2006
"Fellini Satyricon", 1969
"Fellini's Casanova", 1976
"Fellini's Roma", 1973
"Felon", 2008
"Ferris Bueller's Day Off", 1986
"A Few Good Men", 1992
"Fiddler on the Roof", 1971
"Field of Dreams", 1989
"The Fifth Element", 1997
"Fight Club", 1999
"The Fighter", 2010
"Finding Nemo", 2003
"Finding Neverland", 2004
"The Fire Within", 1963
"The Firemen's Ball", 1967
"Fires Were Started", 1943
"Fireworks", 1997
"First Blood", 1982
"A Fish Called Wanda", 1988
"Fish Tank", 2009
"The Fisher King", 1991
"A Fistful of Dollars", 1964
"Fists in the Pocket", 1965
"Fitzcarraldo", 1982
"Five Deadly Veno", Five
"Five Easy Pieces", 1970
"The Five Obstructions", 2003
"Flaming Creatures", 1963
"Flash Gordon", 1980
"Flesh", 1968
"Flipped", 2010
"Floating Clouds", 1955
"Floating Weeds", 1959
"The Florida Project", 2017
"Flowers of Shanghai", 1998
"The Flowers of War", 2011
"The Fly", 1986
"The Fog of War", 2003
"Following", 1998
"Food", 1993
"Foolish Wives", 1922
"Footlight Parade", 1933
"For a Few Dollars More", 1965
"Forbidden Games", 1952
"Forbidden Planet", 1956
"Force Majeure", 2014
"Force of Evil", 1948
"Forgetting Sarah Marshall", 2008
"Forrest Gump", 1994
"Fort Apache", 1948
"The Foster Brothers", 1976
"The Fountain", 2006
"The Fountainhead", 1949
"Four Lions", 2010
"Four Weddings and a Funeral", 1994
"The Fourth Man", 1983
"Fox and His Friends", 1975
"Frances Ha", 2013
"Francesco, Giullare Di Dio", 1950
"Frankenstein", 1931
"Freaked", 1993
"Freaks", 1932
"Freddy Got Fingered", 2001
"French Cancan", 1954
"The French Connection", 1971
"Frenzy", 1972
"Frida", 2002
"Friday", 1995
"Fried Green Tomatoes", 1991
"Fritz the Cat", 1972
"From the Clouds to the Resistance", 1979
"From Dusk Till Dawn", 1996
"From Here to Eternity", 1953
"From Russia With Love", 1963
"From Up on Poppy Hill", 2011
"Frost/Nixon", 2008
"Frozen", 2013
"Fruitvale Station", 2013
"The Fugitive", 1993
"Full Metal Jacket", 1987
"The Full Monty", 1997
"Funny Face", 1957
"Funny Games", 1997
"Fury", 2014
"G.O.R.A.", 2004
"Gabbeh", 1996
"Gallipoli", 1981
"The Game", 1997
"Gandhi", 1982
"Gangs of New York", 2002
"Gangs of Wasseypur", 2012
"The Garden of the Finzi-Continis", 1970
"Garden State", 2004
"Gaslight", 1944
"Gattaca", 1997
"The General", 1926
"A Generation", 1955
"Gentlemen Prefer Blondes", 1953
"George Washington", 2000
"Germany Year Zero", 1948
"Gertrud", 1964
"Get Carter", 1971
"Get Out", 2017
"Get Shorty", 1995
"Gettysburg", 1993
"Ghost", 1990
"The Ghost and the Darkness", 1996
"The Ghost and Mrs. Muir", 1947
"Ghost Dog: The Way of the Samurai", 1999
"Ghost in the Shell", 1995
"Ghost in the Shell 2: Innocence", 2004
"Ghost World", 2001
"Ghostbusters", 1984
"Giant", 1956
"Gifted", 2017
"Gigi", 1958
"Gilda", 1946
"Gimme Shelter", 1970
"A Girl Walks Home Alone at Night", 2014
"The Girl Who Leapt Through Time", 2006
"The Girl With the Dragon Tattoo", 2009
"The Girl With the Dragon Tattoo", 2011
"The Girl With the Red Scarf", 1978
"The Given Word", 1962
"Gladiator", 2000
"The Gleaners & I", 2000
"Glengarry Glen Ross", 1992
"Glory", 1989
"Go", 1999
"Godard's Passion", 1982
"The Goddess", 1934
"The Godfather", 1972
"The Godfather: Part II", 1974
"The Godfather: Part III", 1990
"Gods and Monsters", 1998
"Godzilla", 1954
"Going Clear: Scientology and the Prison of Belief", 2015
"Gold Diggers of 1933", 1933
"The Gold Rush", 1925
"The Golden Coach", 1952
"The Golden Thread", 1965
"GoldenEye", 1995
"Goldfinger", 1964
"Gomorrah", 2008
"Gone Baby Gone", 2007
"Gone Girl", 2014
"Gone With the Wind", 1939
"Good Burger", 1997
"Good Bye, Lenin!", 2003
"Good Dick", 2008
"Good Morning", 1959
"Good Morning, Vietnam", 1987
"Good Night, and Good Luck.", 2005
"Good Will Hunting", 1997
"The Good, the Bad and the Ugly", 1966
"The Good, the Bad, the Weird", 2008
"Goodbye, Dragon Inn", 2003
"Goodfellas", 1990
"The Goonies", 1985
"Gosford Park", 2001
"The Gospel According to Matthew", 1964
"Gozu", 2003
"The Graduate", 1967
"Gran Torino", 2008
"The Grand Budapest Hotel", 2014
"A Grand Day Out", 1990
"Grand Illusion", 1937
"The Grapes of Wrath", 1940
"Grave of the Fireflies", 1988
"Gravity", 2013
"Grease", 1978
"The Great Beauty", 2013
"The Great Debaters", 2007
"The Great Dictator", 1940
"The Great Escape", 1963
"Great Expectations", 1946
"The Great Silence", 1968
"The Great Train Robbery", 1903
"The Great White Silence", 1924
"Greed", 1924
"Green Book", 2018
"The Green Mile", 1999
"The Green Ray", 1986
"Green Room", 2016
"Gregory's Girl", 1981
"Gremlins", 1984
"Grey Gardens", 1975
"A Grin Without a Cat", 1977
"Grindhouse", 2007
"Grizzly Man", 2005
"Grosse Pointe Blank", 1997
"Groundhog Day", 1993
"Guardians of the Galaxy", 2014
"Guardians of the Galaxy Vol. 2", 2017
"Guess Who's Coming to Dinner", 1967
"A Guide to Recognizing Your Saints", 2006
"Gummo", 1997
"Gun Crazy", 1950
"Gunfight at the O.K. Corral", 1957
"Gunga Din", 1939
"The Guns of Navarone", 1961
"Guys and Dolls", 1955
"Hachi: A Dog's Tale", 2009
"Hacksaw Ridge", 2016
"Haider", 2014
"Hail the Conquering Hero", 1944
"Hail, Caesar!", 2016
"Hairspray", 1988
"Half Nelson", 2006
"Halloween", 1978
"Hamlet", 1996
"The Handmaiden", 2016
"The Hangover", 2009
"Hannah and Her Sisters", 1986
"Happiness", 1998
"Happy Together", 1997
"Harakiri", 1962
"Hard Boiled", 1992
"A Hard Day", 2014
"A Hard Day's Night", 1964
"Hard Target", 1993
"Hard Times", 1975
"The Hard Way", 1991
"The Harder They Come", 1972
"Harishchandrachi Factory", 2009
"Harlan County U.S.A.", 1976
"Harmony Lessons", 2013
"Harold and Maude", 1971
"Harry Potter and the Philosopher's Stone", 2001
"Harry Potter and the Chamber of Secrets", 2002
"Harry Potter and the Prisoner of Azkaban", 2004
"Harry Potter and the Goblet of Fire", 2005
"Harry Potter and the Order of the Phoenix", 2007
"Harry Potter and the Half-Blood Prince", 2009
"Harry Potter and the Deathly Hallows: Part 1", 2010
"Harry Potter and the Deathly Hallows: Part 2", 2011
"The Hart of London", 1970
"Harvey", 1950
"Hatari!", 1962
"The Hateful Eight", 2015
"The Haunting", 1963
"Hawks and Sparrows", 1966
"Häxan", 1922
"Head on", 2004
"Headhunters", 2011
"The Headless Woman", 2008
"Head-On", 2004
"A Heart in Winter", 1992
"Heart of Glass", 1976
"The Heartbreak Kid", 1972
"Hearts of Darkness: A Filmmaker's Apocalypse", 1991
"Heat", 1995
"Heathers", 1988
"Heaven and Earth Mag", Heav
"Heavenly Creatures", 1994
"Heaven's Gate", 1980
"Hedgehog in the Fog", 1975
"Hedwig and the Angry Inch", 2001
"Heimat: A Chronicle of Germany", 1984
"The Heiress", 1949
"Hell or High Water", 2016
"Hellzapoppin'", 1941
"The Help", 2011
"Henry V", 1944
"Henry V", 1989
"Henry: Portrait of a Serial Killer", 1986
"Her", 2013
"Hero", 2002
"Hera Pheri", 2000
"Hidden Figures", 2016
"The Hidden Fortress", 1958
"The Hiding Place", 1975
"High and Low", 1963
"High and L", High
"High Fidelity", 2000
"High Noon", 1952
"High Plains Drifter", 1973
"High School", 1968
"High Sierra", 1941
"High Society", 1956
"Highlander", 1986
"Hill 24 Doesn't Answer", 1955
"The Hills Have Eyes", 1977
"The Hired Hand", 1971
"Hiroshima Mon Amour", 1959
"His Girl Friday", 1940
"Histoir", S) D
"A History of Violence", 2005
"Hitler: A Film From Germany", 1977
"The Hobbit: An Unexpected Journey", 2012
"The Hobbit: The Desolation of Smaug", 2013
"Hold Me While I'm Naked", 1966
"The Hole", 1998
"Holiday", 1938
"Holy Motors", 2012
"The Holy Mountain", 1973
"Hombre", 1967
"Home Alone", 1990
"Hoop Dreams", 1994
"Hoosiers", 1986
"The Horse Thief", 1986
"The Host", 2006
"Hot Fuzz", 2007
"Hot Rod", 2007
"Hotel Rwanda", 2004
"Hôtel Terminus: The Life and Times of Klaus Barbie", 1988
"The Hour of the Furnaces", 1968
"Hour of the Wolf", 1968
"The Hours", 2002
"House", 1977
"The House Is Black", 1963
"House of Flying Daggers", 2004
"House of Sand and Fog", 2003
"House of Tolerance", 2011
"Housekeeping", 1987
"The Housemaid", 1960
"How Green Was My Valley", 1941
"How the Grinch Stole Christmas!", 1966
"How to Train Your Dragon", 2010
"How to Train Your Dragon 2", 2014
"Howards End", 1992
"Howl's Moving Castle", 2004
"Hud", 1963
"The Hudsucker Proxy", 1994
"Hugo", 2011
"Humanité", 1999
"Humanity and Paper Balloons", 1937
"The Hunchback of Notre Dame", 1996
"Hunger", 2008
"The Hunger Games: Catching Fire", 2013
"The Hunt", 2012
"The Hunt for Red October", 1990
"Hunt for the Wilderpeople", 2016
"The Hurricane", 1999
"The Hurt Locker", 2008
"Husbands", 1970
"Husbands and Wives", 1992
"The Hustler", 1961
"I Am Cuba", 1964
"I Am a Fugitive From a Chain Gang", 1932
"I Am Love", 2009
"I Am Not Madame Bovary", 2016
"I Am Sam", 2001
"I Killed My Mother", 2009
"I Know Where I'm Going!", 1945
"I Saw the Devil", 2010
"I Stand Alone", 1998
"I Vitelloni", 1953
"I Walked With a Zombie", 1943
"I Was Born, But.....", 1932
"I, Daniel Blake", 2016
"Ice Age", 2002
"The Ice Storm", 1997
"Ida", 2013
"The Idiots", 1998
"If....", 1968
"Ikiru", 1952
"Il Grido", 1957
"Il Posto", 1961
"The Illusionist", 2010
"The Illusionist", 2006
"I'm Here", 2010
"The Imaginarium of Doctor Parnassus", 2009
"The Imitation Game", 2014
"Imitation of Life", 1959
"The Impossible", 2012
"In America", 2003
"In the Bedroom", 2001
"In a Better World", 2010
"In Bruges", 2008
"In Cold Blood", 1967
"In the Company of Men", 1997
"In the Heat of the Night", 1967
"In Just the Wink of an Eye", 1981
"In the Line of Fire", 1993
"In a Lonely Place", 1950
"In the Loop", 2009
"In the Mood for Love", 2000
"In the Mouth of Madness", 1994
"In the Name of the Father", 1993
"In Praise of Love", 2001
"In the Realm of the Senses", 1976
"In Vanda's Room", 2001
"In the Year of the Pig", 1969
"In a Year With 13 Moons", 1978
"Incendies", 2010
"Inception", 2010
"The Incredible Shrinking Man", 1957
"The Incredibles", 2004
"Incredibles 2", 2018
"Independence Day", 1996
"India: Matri Bhumi", 1959
"The Indian Tomb", 1959
"Raiders of the Lost Ark", 1981
"Indiana Jones and the Temple of Doom", 1984
"Indiana Jones and the Last Crusade", 1989
"Indiana Jones and the Kingdom of the Crystal Skull", 2008
"India Song", 1975
"Infernal Affairs", 2002
"Inglourious Basterds", 2009
"Inherent Vice", 2014
"Inherit the Wind", 1960
"Inland Empire", 2006
"The Innocents", 1961
"The Innocents", 2016
"Inside Job", 2010
"Inside Llewyn Davis", 2013
"Inside Man", 2006
"Inside Out", 2015
"The Insider", 1999
"Interiors", 1978
"Interstate 60", 2002
"Interstellar", 2014
"Interview With the Vampire", 1994
"Into the Abyss", 2011
"Into the Wild", 2007
"Intolerance", 1916
"The Intouchables", 2011
"The Intruder", 2005
"Invasi", Inva
"Invasion of the Body Snatchers", 1956
"Investigation of a Citizen Above Suspicion", 1970
"The Invisible Guest", 2017
"The Invisible Man", 1933
"Ip Man", 2008
"Ip Man 2", 2010
"Irma Vep", 1996
"The Iron Giant", 1999
"Iron Man", 2008
"Irreversible", 2002
"Isle of Dogs", 2018
"It Follows", 2015
"It Happened One Night", 1934
"The Italian Connection", 1972
"It's a Gift", 1934
"It's Such a Beautiful Day", 2012
"It's a Wonderful Life", 1946
"Ivan the Terrible, Part I", 1945
"Ivan the Terrible, Part II: The Boyars' Plot", 1958
"Ivan's Childhood", 1962
"Jab We Met", 2007
"Jackie", 2016
"Jackie Brown", 1997
"Jacob's Ladder", 1990
"Jacquot De Nantes", 1991
"Jailhouse Rock", 1957
"Jaws", 1975
"The Jazz Singer", 1927
"JCVD", 2008
"Jean De Florette", 1986
"Jeanne Dielman 23, Quai Du Commerce 1080 Bruxelles", 1975
"Jeremiah Johnson", 1972
"The Jerk", 1979
"Jerry Maguire (1996)", 1996
"Jesus of Montreal", 1989
"Jezebel", 1938
"JFK", 1991
"Jiro Dreams of Sushi", 2011
"Joe Versus the Volcano", 1990
"John Wick: Chapter 2", 2017
"Johnny Got His Gun", 1971
"Johnny Guitar", 1954
"Journey to Italy", 1954
"Joyeux Noël", 2005
"Judge Priest", 1934
"Judgment at Nuremberg", 1961
"Jules and Jim", 1962
"Julien Donkey-Boy", 1999
"Juliet of the Spirits", 1965
"The Jungle Book", 1967
"The Jungle Book", 2016
"Juno", 2007
"Junun", 2015
"Jurassic Park", 1993
"Kaagaz Ke Phool", 1959
"Kagemusha", 1980
"Kahaani", 2012
"Kal Ho Naa Ho", 2003
"Kanal", 1957
"Kandahar", 2001
"Kelly's Heroes", 1970
"Kes", 1969
"Key Largo", 1948
"Kick-Ass", 2010
"The Kid", 1921
"The Kid Brother", 1927
"The Kid With a Bike", 2011
"Kids", 1995
"Kiki's Delivery Service", 1989
"Kikujirô No Natsu", 1999
"Kill Bill: Vol. 1", 2003
"Kill Bill: Vol. 2", 2004
"The Killer", 1989
"Killer of Sheep", 1978
"The Killers", 1946
"The Killing", 1956
"The Killing Fields", 1984
"The Killing of a Chinese Bookie", 1976
"Kind Hearts and Coronets", 1949
"King Kong", 1933
"King Kong", 2005
"The King of Comedy", 1982
"The King of Kong", 2007
"King of New York", 1990
"The Kingdom", 1994
"Kings of the Road", 1976
"The King's Speech", 2010
"Kingsman: The Secret Service", 2015
"Kippur", 2000
"Kiss Kiss Bang Bang", 2005
"Kiss Me Deadly", 1955
"Kiss of the Spider Woman", 1985
"The Kite Runner", 2007
"Klute", 1971
"Knife in the Water", 1962
"Knight of Cups", 2015
"Knocked Up", 2007
"Knowing", 2009
"Kolya", 1996
"Koyaanisqatsi", 1982
"Kramer Vs. Kramer", 1979
"Krisha", 2016
"Kubo and the Two Strings", 2016
"Kundun", 1997
"Kung Fu Hustle", 2004
"Kung Fu Panda", 2008
"Kwaidan", 1964
"L.A. Confidential", 1997
"L.A. Story", 1991
"The Ladies Man", 1961
"Lady and the Tramp", 1955
"Lady Bird", 2017
"The Lady Eve", 1941
"The Lady From Shanghai", 1947
"Lady MacBeth", 2017
"Lady Snowblood", 1973
"The Lady Vanishes", 1938
"The Ladykillers", 1955
"Lagaan: Once Upon a Time in India", 2001
"L'âge D'or", 1930
"Lage Raho Munna Bhai", 2006
"L'amour Fou", 1969
"Lancelot of the Lake", 1974
"Land of Mine", 2015
"Land Without Bread", 1933
"Landscape in the Mist", 1988
"Lantana", 2001
"L'argent", 1983
"Lars and the Real Girl", 2007
"The Last Battle", 1983
"The Last Boy Scout", 1991
"Last Chants for a Slow Dance", 1977
"The Last Detail", 1973
"The Last Emperor", 1987
"The Last King of Scotland", 2006
"The Last Laugh", 1924
"Last Life in the Universe", 2003
"The Last Metro", 1980
"The Last of the Mohicans", 1992
"The Last Picture Show", 1971
"The Last Samurai", 2003
"The Last Seduction", 1994
"Last Tango in Paris", 1972
"The Last Temptation of Christ", 1988
"Last Train Home", 2009
"The Last Waltz", 1978
"The Last Wave", 1977
"Last Year at Marienbad", 1961
"L'atalante", 1934
"Late Spring", 1949
"Laura", 1944
"Laurence Anyways", 2012
"The Lavender Hill Mob", 1951
"L'avventura", 1960
"Law of Desire", 1987
"Lawrence of Arabia", 1962
"Layer Cake", 2004
"La Belle Noiseuse", 1991
"La Bête Humaine", 1938
"La Cérémonie", 1995
"La Chienne", 1931
"La Cienaga", 2001
"La Collectionneuse", 1967
"La Dolce Vita", 1960
"Le Bonheur", 1965
"Le Boucher", 1970
"Le Cercle Rouge", 1970
"Le Doulos", 1963
"Le Havre", 2011
"Le Jour Se Lève", 1939
"Le Million", 1931
"Le Notti Bianche", 1957
"Le Plaisir", 1952
"Le Samouraï", 1967
"Le Trou", 1960
"The League of Gentlemen's Apocalypse", 2005
"Leave Her to Heaven", 1945
"Leaving Las Vegas", 1995
"L'eclisse", 1962
"The Legend of 1900", 1998
"The Legend of Drunken Master", 1994
"The Lego Movie", 2014
"L'enfant Secret", 1979
"Lenny", 1974
"Leon: The Professional", 1994
"The Leopard", 1963
"Les Dames Du Bois De Boulogne", 1945
"Les Misérables", 2012
"Les Vampires", 1916
"Lessons of Darkness", 1992
"Let the Right One in", 2008
"Lethal Weapon", 1987
"Letter From an Unknown Woman", 1948
"Letter Never Sent", 1960
"Letters From Iwo Jima", 2006
"Leviathan", 2014
"La Femme Nikita", 1990
"La Grande Bouffe", 1973
"La Haine", 1995
"The Life and Death of Colonel Blimp", 1943
"Life and Nothing More...", 1992
"Life Is Beautiful", 1997
"Life of Brian", 1979
"The Life of Emile Zola", 1937
"The Life of Oharu", 1952
"Life of Pi", 2012
"Life, Animated", 2016
"Like Father, Like Son", 2013
"Like Stars on Earth", 2007
"Like Water for Chocolate", 1992
"Lilya 4-Ever", 2002
"Limelight", 1952
"Limite", 1931
"Lincoln", 2012
"Linda Linda Linda", 2005
"Lion", 2016
"The Lion in Winter", 1968
"The Lion King", 1994
"Listen to Britain", 1942
"Little Big Man", 1970
"Little Caesar", 1931
"Little Children", 2006
"Little Dieter Needs to Fly", 1997
"The Little Mermaid", 1989
"Little Miss Sunshine", 2006
"The Little Prince", 2015
"A Little Princess", 1995
"Little Women", 1994
"Live and Become", 2005
"Live Free or Die Hard", 2007
"Lived Once a Song-Thrush", 1970
"The Lives of Others", 2006
"La Jetée", 1962
"La La Land", 2016
"La Notte", 1961
"La Nuit Americane", 1973
"The Lobster", 2015
"Local Hero", 1983
"Lock, Stock and Two Smoking Barrels", 1998
"Logan", 2017
"Lola", 1961
"Lolita", 1962
"Lola Montès", 1955
"London", 2005
"Lone Star", 1996
"Lone Star State of Mind", 2002
"The Loneliness of the Long Distance Runner", 1962
"The Long Day Closes", 1992
"The Long Goodbye", 1973
"The Long Kiss Goodnight", 1996
"The Longest Day", 1962
"The Look of Silence", 2014
"Looper", 2012
"The Lord of the Rings: The Fellowship of the Ring", 2001
"The Lord of the Rings: The Two Towers", 2002
"The Lord of the Rings: The Return of the King", 2003
"Lord of War", 2005
"Lords of Dogtown", 2005
"Lorna's Silence", 2008
"Los Olvidados", 1950
"The Lost Boys", 1987
"Lost Highway", 1997
"Lost in Translation", 2003
"The Lost Weekend", 1945
"Louisiana Story", 1948
"Loulou", 1980
"Love", 1971
"Love & Basketball", 2000
"Love Actually", 2003
"Love and Death", 1975
"The Love Eterne", 1963
"Love Exposure", 2008
"Love in the Afternoon", 1972
"Love Me If You Dare", 2003
"Love Me Tonight", 1932
"Love Streams", 1984
"Love, Simon", 2018
"Lovers of the Arctic Circle", 1998
"The Lovers on the Bridge", 1991
"Loves of a Blonde", 1965
"Loving Vincent", 2017
"La Promesse", 1996
"La Région Centrale", 1971
"La Ronde", 1950
"La Strada", 1954
"La Terra Trema", 1948
"Lucia", 1968
"Lucky Number Slevin", 2006
"Ludwig", 1972
"The Lunchbox", 2013
"Lupin the Third: The Castle of Cagliostro", 1979
"The Lusty Men", 1952
"La Vie En Rose", 2007
"M", 1931
"M*A*S*H", 1970
"The Machinist", 2004
"The Mad Masters", 1955
"Mad Max", 1979
"Mad Max 2: The Road Warrior", 1981
"Mad Max: Fury Road", 2015
"The Magnificent Ambersons", 1942
"The Magnificent Seven", 1960
"Magnolia", 1999
"Make Way for Tomorrow", 1937
"Malcolm X", 1992
"Mallrats", 1995
"The Maltese Falcon", 1941
"Mamma Roma", 1962
"Man Bites Dog", 1992
"A Man Called Ove", 2015
"A Man Escaped", 1956
"A Man for All Seasons", 1966
"The Man From Earth", 2007
"The Man From Laramie", 1955
"The Man From Nowhere", 2010
"The Man in Grey", 1943
"Man of Aran", 1934
"Man of Marble", 1977
"Man of Iron", 1981
"Man of the West", 1958
"Man on Fire", 2004
"Man on the Moon", 1999
"Man on Wire", 2008
"The Man Who Fell to Earth", 1976
"The Man Who Had His Hair Cut Short", 1966
"The Man Who Knew Too Much", 1956
"The Man Who Shot Liberty Valance", 1962
"The Man Who Wasn't There", 2001
"The Man Who Would Be King", 1975
"The Man With the Golden Arm", 1955
"Man With a Movie Camera", 1929
"The Man Without a Past", 2002
"Manchester by the Sea", 2016
"The Manchurian Candidate", 1962
"Manhattan", 1979
"Manhunter", 1986
"Manon of the Spring", 1986
"The Many Adventures of Winnie the Pooh", 1977
"Margaret", 2011
"Marina Abramović: The Artist Is Present", 2012
"Marketa Lazarová", 1967
"Marnie", 1964
"The Marriage of Maria Braun", 1979
"A Married Wom", A Ma
"The Martian", 2015
"Marty", 1955
"Mary and Max", 2009
"Mary Poppins", 1964
"Masculin Féminin", 1966
"The Masque of the Red Death", 1964
"The Master", 2012
"Master and Commander: The Far Side of the World", 2003
"The Match Factory Girl", 1990
"Match Point", 2005
"The Matrix", 1999
"A Matter of Life and Death", 1946
"Maurice", 1987
"Mauvais Sang", 1986
"McCabe & Mrs. Miller", 1971
"Me and Earl and the Dying Girl", 2015
"Me and My Gal", 1932
"Mean Girls", 2004
"Mean Streets", 1973
"The Meaning of Life", 1983
"Méditerranée", 1963
"Meek's Cutoff", 2010
"Meet Me in St. Louis", 1944
"Meet the Parents", 2000
"Melancholia", 2011
"Memento", 2000
"Memories of Murder", 2003
"Memories of Underdevelopment", 1968
"Men in Black", 1997
"Menace II Society", 1993
"Merrily We Go to Hell", 1932
"Meshes of the Afternoon", 1943
"The Message", 1977
"Metropolis", 1927
"Metropolitan", 1990
"Michael the Brave", 1970
"Midnight Cowboy", 1969
"Midnight Express", 1978
"Midnight in Paris", 2011
"Midnight Run", 1988
"Mighty Aphrodite", 1995
"Mildred Pierce", 1945
"Milk", 2008
"Millennium Actress", 2001
"Millennium Mambo", 2001
"Miller's Crossing", 1990
"Million Dollar Baby", 2004
"Minority Report", 2002
"Miracle in Milan", 1951
"Miracle Mile", 1989
"The Miracle of Morgan's Cre", The 
"Miracle on 34th Street", 1947
"Mirror", 1975
"Misery", 1990
"The Misfits", 1961
"Mishima: A Life in Four Chapters", 1985
"Miss Sloane", 2016
"Mission: Impossible - Fallout", 2018
"Mississippi Burning", 1988
"Mistaken for Strangers", 2013
"Moana", 2016
"Modern Times", 1936
"Moi, Un Noir", 1958
"A Moment of Innocence", 1996
"Mommy", 2014
"Mon Oncle", 1958
"Mon Oncle D'Amérique", 1980
"Mondo Cane", 1962
"Moneyball", 2011
"Monsieur Verdoux", 1947
"Monsoon Wedding", 2001
"Monster", 2003
"Monsters", 2010
"Monsters, Inc.", 2001
"Monty Python and the Holy Grail", 1975
"Moolaadé", 2004
"Moon", 2009
"Moonfleet", 1955
"Moonlight", 2016
"Moonrise Kingdom", 2012
"Moonstruck", 1987
"Morocco", 1930
"The Mortal Storm", 1940
"Mother", 2009
"Mother and Son", 1997
"The Mother and the Whore", 1973
"Mother India", 1957
"Mother!", 2017
"Mothlight", 1963
"The Motorcycle Diaries", 2004
"Mouchette", 1967
"Moulin Rouge!", 2001
"Mr. Deeds Goes to Town", 1936
"Mr. Holland's Opus", 1995
"Mr. Hulot's Holiday", 1953
"Mr. Nobody", 2009
"Mr. Smith Goes to Washington", 1939
"Mrs. Miniver", 1942
"Much Ado About Nothing", 1993
"Mud", 2013
"Muhsin Bey", 1987
"Mulan", 1998
"Mulholland Drive", 2001
"Multiple Maniacs", 1970
"The Mummy", 1932
"The Mummy", 1999
"Munich", 2005
"Munna Bhai M.B.B.S.", 2003
"The Muppet Movie", 1979
"The Muppet Christmas Carol", 1992
"Murder by Death", 1976
"Murder, My Sweet", 1944
"Muriel", 1963
"Muriel's Wedding", 1994
"Murmur of the Heart", 1971
"The Music Room", 1958
"Mustang", 2015
"Mutiny on the Bounty", 1935
"My Best Fiend", 1999
"My Brilliant Career", 1979
"My Darling Clementine", 1946
"My Dinner With André", 1981
"My Fair Lady", 1964
"My Father and My Son", 2005
"My Friend Ivan Lapshin", 1985
"My Left Foot: The Story of Christy Brown", 1989
"My Life as a Dog", 1985
"My Little Loves", 1974
"My Man Godfrey", 1936
"My Name Is Bruce", 2007
"My Name Is Khan", 2010
"My Neighbor Totoro", 1988
"My Night at Maud's", 1969
"My Own Private Idaho", 1991
"My Sassy Girl", 2001
"My Scientology Movie", 2016
"My Winnipeg", 2007
"Mysteries of Lisbon", 2010
"Mysterious Skin", 2004
"Mystery Science Theater 3000: The Movie", 1996
"Mystery Team", 2009
"Mystery Train", 1989
"Mystic River", 2003
"The Nail of Brightness", 1975
"Naked", 1993
"Naked Childhood", 1968
"The Naked Gun: From the Files of Police Squad!", 1988
"The Naked Island", 1960
"The Naked Kiss", 1964
"Naked Lunch", 1991
"The Naked Spur", 1953
"The Name of the Rose", 1986
"The Namesake", 2006
"Nanook of the North", 1922
"Napoleon", 1927
"Napoleon Dynamite", 2004
"Nashville", 1975
"National Lampoon's Animal Hou", Nati
"National Lampoon's Vacation", 1983
"National Lampoon's Christmas Vacation", 1989
"The Natural", 1984
"Natural Born Killers", 1994
"Nausicaä of the Valley of the Wind", 1984
"The Navigator", 1924
"Nazarin", 1959
"Near Dark", 1987
"Nebraska", 2013
"Neighboring Sounds", 2012
"The Neon Demon", 2016
"Network", 1976
"Never Let Me Go", 2010
"New Rose Hotel", 1998
"The New World", 2005
"New York, New York", 1977
"News From Home", 1976
"Newsies", 1992
"The Nice Guys", 2016
"Night and Fog", 1955
"Night at the Crossroads", 1932
"A Night at the Opera", 1935
"Night of the Demon", 1957
"The Night of the Hunter", 1955
"Night of the Living Dead", 1968
"The Night of the Shooting Stars", 1982
"Night on Earth", 1991
"A Night to Remember", 1958
"Nightcrawler", 2014
"The Nightmare Before Christmas", 1993
"A Nightmare on Elm Street", 1984
"Nights of Cabiria", 1957
"Nightwatch", 1994
"Nine Days of One Year", 1961
"Nine Queens", 2000
"Nineteen Eighty-Four", 1984
"Ninja: Shadow of a Tear", 2013
"Ninja Scroll", 1993
"Ninotchka", 1939
"No", 2012
"No Country for Old Men", 2007
"No Direction Home: Bob Dylan", 2005
"No Fear, No Die", 1990
"No Man's Land", 2001
"Nobody Knows", 2004
"North by Northwest", 1959
"A Nos Amours", 1983
"Nosferatu", 1922
"Nosferatu the Vampyre", 1979
"Nostalgia", 1983
"Nostalgia for the Light", 2010
"Not Reconciled", 1965
"The Notebook", 2004
"Notes on a Scandal", 2006
"Notorious", 1946
"Nouvelle Vague", 1990
"Now and Then", 1995
"Now, Voyager", 1942
"Numéro Deux", 1975
"The Nutty Professor", 1963
"O Brother, Where Art Thou?", 2000
"O Lucky Man!", 1973
"O.J.: Made in America", 2016
"The Oak", 1992
"Oasis", 2002
"Ocean's Eleven", 2001
"October Sky", 1999
"October: Ten Days That Shook the World (1928)", 1928
"The Odd Couple", 1968
"Odd Man Out", 1947
"Odd Number", 1962
"Of Gods and Men", 2010
"Office Space", 1999
"The Official Story", 1985
"Oklahoma!", 1955
"Oldboy", 2003
"Oliver Twist", 1948
"Olympia Part One: Festival of the Nations", 1938
"Olympia Part Two: Festival of Beauty", 1938
"The Omen", 1976
"OMG: Oh My God!", 2012
"On Golden Pond", 1981
"On Her Majesty's Secret Service", 1969
"On the Silver Globe", 1988
"On the Town", 1949
"On the Waterfront", 1954
"Once", 2007
"Once Upon a Time in America", 1984
"Once Upon a Time in Anatolia", 2011
"Once Upon a Time in China", 1991
"Once Upon a Time in the West", 1968
"Once Were Warriors", 1994
"One False Move", 1992
"One Flew Over the Cuckoo's Nest", 1975
"One-Eyed Jacks", 1961
"Onibaba", 1964
"Only Angels Have Wings", 1939
"Only the Brave", 2017
"Only Lovers Left Alive", 2013
"Only Yesterday", 1991
"Open Your Eyes", 1997
"Opening Night", 1977
"Ordet", 1955
"Ordinary People", 1980
"The Oregonian", 2011
"The Organizer", 1963
"Orlando", 1992
"The Orphanage", 2007
"Orphans of the Storm", 1921
"Orpheus", 1950
"Osama", 2003
"Oslo, August 31st", 2011
"Ossessione", 1943
"Othello", 1951
"The Others", 2001
"Our Hospitality", 1923
"Our Trip to Africa", 1966
"Out 1", 1971
"Out of Africa", 1985
"Out of the Past", 1947
"Out of Sight", 1998
"Outer Space", 1999
"The Outlaw Josey Wales", 1976
"The Outsiders", 1983
"Outskirts", 1933
"Over the Edge", 1979
"The Ox-Bow Incident", 1943
"Paan Singh Tomar", 2012
"Paddington 2", 2017
"A Page of Madness", 1926
"Paisan", 1946
"The Paleface", 1948
"The Palm Beach Story", 1942
"Pandora and the Flying Dutchman", 1951
"Pandora's Box", 1929
"Pan's Labyrinth", 2006
"Paper Moon", 1973
"Papillon", 1973
"Paprika", 2006
"Paradise Now", 2005
"Paradise: Love", 2012
"Paranoid Park", 2007
"Paranormal Activity", 2007
"Paris Is Burning", 1990
"Paris, Texas", 1984
"The Party", 1968
"A Passage to India", 1984
"Passenger", 1963
"The Passenger", 1975
"The Passion of the Christ", 2004
"The Passion of Joan of Arc", 1928
"The Past", 2013
"Pat Garrett & Billy the Kid", 1973
"Paterson", 2016
"Pather Panchali", 1955
"Paths of Glory", 1957
"Patton", 1970
"Pauline at the Beach", 1983
"Pedro Páramo", 1967
"Peeping Tom", 1960
"Pee-Wee's Big Adventure", 1985
"Peking Opera Blues", 1986
"Pennies From Heaven", 1981
"The People Vs. Larry Flynt", 1996
"Pépé Le Moko", 1937
"Perfect Blue", 1997
"Perfect Strangers", 2016
"Performance", 1970
"The Perks of Being a Wallflower", 2012
"Persepolis", 2007
"Persona", 1966
"The Pervert's Guide to Cinema", 2006
"Peter Ibbetson", 1935
"Peter Pan", 2003
"The Phantom Carriage", 1921
"The Phantom of Liberty", 1974
"The Phantom of the Opera", 1925
"Phantom of the Paradise", 1974
"The Phenix City Story", 1955
"Phenomenon", 1996
"Philadelphia", 1993
"The Philadelphia Story", 1940
"Philanthropy", 2002
"Philomena", 2013
"Pi", 1998
"The Pianist", 2002
"The Piano", 1993
"The Piano Teacher", 2001
"Pickpocket", 1959
"Pickpocket", 1997
"Pickup on South Street", 1953
"Picnic at Hanging Rock", 1975
"Pieces", 1982
"Pierrot Le Fou", 1965
"A Pigeon Sat on a Branch Reflecting on Existence", 2014
"The Pillow Book", 1996
"Pina", 2011
"Pink", 2016
"Pink Flamingos", 1972
"Pink Floyd: The Wall", 1982
"Pinocchio", 1940
"Pirates of the Caribbean: The Curse of the Black Pearl", 2003
"Pirates of the Caribbean: Dead Man's Chest", 2006
"PK", 2014
"The Place Beyond the Pines", 2013
"A Place in the Sun", 1951
"Plácido", 1961
"Plan 9 From Outer Space", 1959
"Planes, Trains and Automobiles", 1987
"Planet of the Apes", 1968
"Planet Terror", 2007
"Platform", 2000
"Platoon", 1986
"Playboy: The Best of Pamela Anderson", 1995
"The Player", 1992
"Playtime", 1967
"Pleasantville", 1998
"Poetry", 2010
"Point Blank", 2010
"Point Blank", 1967
"Point Break", 1991
"Police Story", 1985
"Poltergeist", 1982
"Ponyo", 2008
"Poolhall Junkies", 2002
"Porco Rosso", 1992
"Port of Shadows", 1938
"Portrait of Jennie", 1948
"Possession", 1981
"The Postman", 1994
"The Postman Always Rings Twice", 1946
"Precious", 2009
"Predator", 1987
"The Prestige", 2006
"Pretty Woman", 1990
"Pride", 2014
"Pride & Prejudice", 2005
"Pride and Prejudice", 1995
"Priest", 1994
"Primal Fear", 1996
"Primer", 2004
"Princess", 2006
"The Princess Bride", 1987
"Princess Mononoke", 1997
"Princess Yang Kwei Fei", 1955
"Prisoners", 2013
"Private Parts", 1997
"Prizzi's Honor", 1985
"The Producers", 1967
"Project a", Proj
"Prom Night", 1980
"A Prophet", 2009
"The Proposition", 2005
"Providence", 1977
"Psycho", 1960
"Psycho", 1998
"Public Enemies", 2009
"The Public Enemy", 1931
"Pulp Fiction", 1994
"Pump Up the Volume", 1990
"Punch-Drunk Love", 2002
"Punishment Park", 1971
"The Puppetmaster", 1993
"Purple Rain", 1984
"The Purple Rose of Cairo", 1985
"The Pursuit of Happyness", 2006
"Pyaasa", 1957
"Queen", 2014
"The Queen", 2006
"Queen Christina", 1933
"Queen of Katwe", 2016
"A Question of Silence", 1982
"The Quiet Earth", 1985
"The Quiet Man", 1952
"A Quiet Place", 2018
"The Quince Tree Sun", 1992
"Quiz Show", 1994
"Rabbit-Proof Fence", 2002
"Radio Days", 1987
"Raging Bull", 1980
"The Raid", 2011
"The Raid 2", 2014
"Rain Man", 1988
"Raise the Red Lantern", 1991
"Raising Arizona", 1987
"Rambo", 2008
"Ran", 1985
"Rang De Basanti", 2006
"Ransom", 1996
"The Rapture", 1991
"Rapture", 1979
"Rashomon", 1950
"Ratatouille", 2007
"Ratcatcher", 1999
"Ravenous", 1999
"Ray", 2004
"Razorback", 1984
"The Reader", 2008
"Real Genius", 1985
"Real Life", 1979
"Re-Animator", 1985
"Rear Window", 1954
"Rebecca", 1940
"Rebel Without a Cause", 1955
"Rebels of the Neon God", 1993
"The Reckless Moment", 1949
"The Red and the White", 1967
"The Red Balloon", 1956
"Red Beard", 1965
"Red Desert", 1964
"The Red Light Bandit", 1968
"Red Psalm", 1972
"Red River", 1948
"The Red Shoes", 1948
"Red Sorghum", 1987
"The Red Violin", 1998
"Reds", 1981
"Regular Lovers", 2005
"The Remains of the Day", 1993
"Remember the Titans", 2000
"Rent", 2005
"Repo Man", 1984
"Report", 1967
"Reprise", 2006
"Repulsion", 1965
"Requiem for a Dream", 2000
"Rescue Dawn", 2006
"Reservoir Dogs", 1992
"Resident Evil: Retribution", 2012
"Resolution", 2012
"The Return", 2003
"Revanche", 2008
"The Revenant", 2015
"Reversal of Fortune", 1990
"Ride the High Country", 1962
"Ride Lonesome", 1959
"Rififi", 1955
"The Right Stuff", 1983
"Ringu", 1998
"Rio Bravo", 1959
"Rio Grande", 1950
"Rise of the Planet of the Apes", 2011
"The River", 1951
"The River", 1997
"A River Runs Through It", 1992
"The Road", 2009
"Road to Perdition", 2002
"Roadgames", 1981
"Robin Hood", 1973
"Robocop", 1987
"Rocco and His Brothers", 1960
"The Rock", 1996
"Rocky", 1976
"The Rocky Horror Picture Show", 1975
"Roger & Me", 1989
"Rogue One: A Star Wars Story", 2016
"Roma", 1972
"Roma", 2018
"Roman Holiday", 1953
"Rome, Open City", 1945
"Romeo and Juliet", 1968
"Romeo + Juliet", 1996
"Romper Stomper", 1992
"The Room", 2003
"Room", 2015
"A Room With a View", 1985
"Rope", 1948
"The Rose Seller", 1998
"Rosemary's Baby", 1968
"Rosencrantz & Guildenstern Are Dead", 1991
"Rosetta", 1999
"The Round-Up", 1966
"The Royal Tenenbaums", 2001
"Rubber", 2010
"Ruggles of Red Gap", 1935
"The Rules of the Game", 1939
"Rumble Fish", 1983
"Rumble in the Bronx", 1995
"Run Lola Run", 1998
"Rush", 2013
"Rushmore", 1998
"Russian Ark", 2002
"Rust and Bone", 2012
"Saban, Son of Saban", 1977
"Sabotage", 1936
"Sabrina", 1954
"The Sacrifice", 1986
"Safe", 1995
"Safety Last!", 1923
"Salesman", 1969
"The Salesman", 2016
"Salo, or the 120 Days of Sodom", 1975
"Salt of the Earth", 1954
"The Salt of the Earth", 2014
"Salut Les Cubains", 1963
"Salvador", 1986
"Salvatore Giuliano", 1962
"Samsara", 2011
"The Sandlot", 1993
"Sanjuro", 1962
"Sans Soleil", 1983
"Sansho the Bailiff", 1954
"Santa Sangre", 1989
"The Saragossa Manuscript", 1965
"Satantango", 1994
"Saturday Night and Sunday Morning", 1960
"Saturday Night Fever", 1977
"Satyricon", 1969
"Save the Green Planet!", 2003
"Saving Private Ryan", 1998
"Saw", 2004
"Sawdust and Tinsel", 1953
"Say Anything...", 1989
"Scaramouche", 1952
"Scarecrow", 1973
"Scarface", 1932
"Scarface", 1983
"The Scarlet Empress", 1934
"Scarlet Street", 1945
"Scenes From a Marriage", 1973
"Scenes From a Marriage", 1973
"Scent of a Woman", 1992
"Schindler's List", 1993
"School of Rock", 2003
"Scooby-Doo", 2002
"Scorpio Rising", 1964
"Scott Pilgrim Vs. the World", 2010
"Scream", 1996
"Se7en", 1995
"The Searchers", 1956
"Searching", 2018
"Searching for Bobby Fischer", 1993
"Searching for Sugar Man", 2012
"Seasons of the Year", 1975
"Seconds", 1966
"Secret Beyond the Door", 1948
"The Secret in Their Eyes", 2009
"The Secret Life of Walter Mitty", 1947
"The Secret of Kells", 2009
"The Secret of NIMH", 1982
"Secret Sunshine", 2007
"The Secret World of Arrietty", 2010
"Secrets & Lies", 1996
"The Sea Inside", 2004
"Selma", 2014
"Senna", 2010
"Sense and Sensibility", 1995
"Senso", 1955
"A Separation", 2011
"Serenity", 2005
"Sergeant York", 1941
"A Serious Man", 2009
"Serpico", 1973
"The Servant", 1963
"Seven Brides for Seven Brothers", 1954
"Seven Chances", 1925
"Seven Pounds", 2008
"Seven Psychopaths", 2012
"Seven Samurai", 1954
"Seven Women", 1966
"The Seventh Continent", 1989
"Seventh Heaven", 1927
"The Seventh Seal", 1957
"The Seventh Victim", 1943
"Sex, Lies, and Videotape", 1989
"The Shadow", 1994
"Shadow of a Doubt", 1943
"Shadowlands", 1993
"Shadows", 1959
"Shadows of Forgotten Ancestors", 1965
"Shaft", 1971
"Shakespeare in Love", 1998
"Shall We Dance?", 1996
"Shallow Grave", 1994
"Shame", 1968
"Shame", 2011
"Shampoo", 1975
"Shane", 1953
"Shanghai Express", 1932
"Shaolin Soccer", 2001
"The Shape of Water", 2017
"Shaun of the Dead", 2004
"The Shawshank Redemption", 1994
"She Done Him Wrong", 1933
"She Wore a Yellow Ribbon", 1949
"Sherlock Holmes", 2009
"Sherlock, Jr.", 1924
"Sherman's March", 1985
"She's Gotta Have It", 2017
"Shine", 1996
"The Shining", 1980
"Shoah", 1985
"Shock Corridor", 1963
"Sholay", 1975
"Shoot the Piano Player", 1960
"Shooting Stars", 1928
"The Shop Around the Corner", 1940
"The Shop on Main Street", 1965
"Short Cuts", 1993
"A Short Film About Killing", 1989
"A Short Film About Love", 1988
"Short Term 12", 2013
"A Shot in the Dark", 1964
"Show Me Love", 1998
"Shrek", 2001
"Shutter Island", 2010
"Sicario", 2015
"Sicilia!", 1999
"Sideways", 2004
"Signs", 2002
"Signs & Wonders", 2001
"Sigur Rós: Heima", 2007
"The Silence", 1963
"The Silence of the Lambs", 1991
"The Silences of the Palace", 1994
"Silent Light", 2007
"Silver Linings Playbook", 2012
"Silver Lode", 1954
"Simon of the Desert", 1965
"A Simple Plan", 1998
"The Simpsons Movie", 2007
"Sin City", 2005
"Sin City: A Dame to Kill for", 2014
"Sing Street", 2016
"Singin' in the Rain", 1952
"A Single Man", 2009
"The Sixth Sense", 1999
"The Skin I Live in", 2011
"Skyfall", 2012
"Slacker", 1991
"Sleeper", 1973
"Sleepers", 1996
"Sleeping Dogs", 1977
"Sleepless Night", 2011
"Sleuth", 1972
"Sling Blade", 1996
"Slither", 2006
"Slumdog Millionaire", 2008
"Smiles of a Summer Night", 1955
"The Smiling Madame Beudet", 1923
"Smoke", 1995
"Smoke Signals", 1998
"The Snake Pit", 1948
"Snatch", 2000
"Snow White and the Seven Dwarfs", 1937
"Snowpiercer", 2013
"The Social Network", 2010
"Solaris", 1972
"Soldier of Orange", 1977
"Sombre", 1998
"Some Came Running", 1958
"Some Kind of Wonderful", 1987
"Some Like It Hot", 1959
"Somewhere in Time", 1980
"Sommaren Med Monika", 1953
"The Son", 2002
"Son of Saul", 2015
"Sonatine", 1993
"Song at Midnight", 1937
"A Song of Love", 1950
"Song of the Sea", 2014
"Songs From the Second Floor", 2000
"Sons of the Desert", 1933
"The Son's Room", 2001
"Sophie's Choice", 1982
"Sorcerer", 1977
"The Sorrow and the Pity", 1969
"The Sound of Music", 1965
"Source Code", 2011
"South Park: Bigger, Longer & Uncut", 1999
"Southland Tales", 2006
"Soylent Green", 1973
"Spaceballs", 1987
"The Spanish Prisoner", 1997
"Spartacus", 1960
"Special 26", 2013
"The Spectacular Now", 2013
"Speed", 1994
"Speed Racer", 2008
"Spellbound", 1945
"Spider-Man", 2002
"Spider-Man 2", 2004
"Spider-Man: Into the Spider-Verse", 2018
"The Spider's Stratagem", 1970
"Spies", 1928
"The Spirit of the Beehive", 1973
"Spirited Away", 2001
"Splendor in the Grass", 1961
"Spotlight", 2015
"Spring Breakers", 2012
"Spring in a Small Town", 1948
"Spring, Summer, Fall, Winter... and Spring", 2003
"The Spy Who Came in From the Cold", 1965
"The Spy Who Loved Me", 1977
"The Squid and the Whale", 2005
"Stagecoach", 1939
"Stalag 17", 1953
"Stalker", 1979
"Stand by Me", 1986
"A Star Is Born", 1954
"A Star Is Born", 2018
"Star Trek II: The Wrath of Khan", 1982
"Star Trek: Generations", 1994
"Star Trek: First Contact", 1996
"Star Trek", 2009
"Star Trek Into Darkness", 2013
"Star Wars", 1977
"Star Wars: Episode V - The Empire Strikes Back", 1980
"Star Wars: Episode VI - Return of the Jedi", 1983
"Star Wars the Clone Wa", Star
"Star Wars: Episode I - The Phantom Menace", 1999
"Star Wars: Episode II - Attack of the Clones", 2002
"Star Wars: Episode III - Revenge of the Sith", 2005
"Star Wars: The Force Awakens", 2015
"Stardust", 2007
"Stardust Memories", 1980
"Starman", 1984
"Starred Up", 2014
"Starship Troopers", 1997
"The Station Agent", 2003
"Steamboat Bill, Jr.", 1928
"Stella Dallas", 1937
"Still Life", 2013
"Still Life", 2006
"Still Walking", 2008
"The Sting", 1973
"Stolen Kisses", 1968
"Stop Making Sense", 1984
"Storm Over Asia", 1928
"The Story of a Cheat", 1936
"The Story of the Last Chrysanthemum", 1939
"Story of a Prostitute", 1965
"The Story of Qiu Ju", 1992
"Story of Women", 1988
"Straight Outta Compton", 2015
"The Straight Story", 1999
"Strange Brew", 1983
"Strange Days", 1995
"The Stranger", 1946
"Stranger Than Fiction", 2006
"Stranger Than Paradise", 1984
"Strangers on a Train", 1951
"Straw Dogs", 1971
"Stray Dog", 1949
"Street Angel", 1937
"Street Fighter", 1994
"Street of Crocodiles", 1986
"Street of Shame", 1956
"A Streetcar Named Desire", 1951
"Strictly Ballroom", 1992
"Strike", 1925
"Stromboli", 1950
"Stroszek", 1977
"Su Precio... Unos Dólares", 1970
"Subarnarekha", 1965
"Submarine", 2011
"Sullivan's Travels", 1941
"Summer Hours", 2008
"Summer Wars", 2009
"Summer With Monika", 1953
"The Sun Shines Bright", 1953
"Sunday Bloody Sunday", 1971
"Sundays and Cybele", 1962
"Sunny", 2011
"Sunrise: A Song of Two Humans", 1927
"Sunset Boulevard", 1950
"Sunshine", 2007
"Super Fly", 1972
"Superbad", 2007
"Superman", 1978
"Superman Returns", 2006
"Sur", 1988
"Surfwise", 2007
"Suspiria", 1977
"Swades: We, the People", 2004
"Sweeney Todd: The Demon Barber of Fleet Street", 2007
"The Sweet Hereafter", 1997
"Sweet Smell of Success", 1957
"Sweet Sweetback's Baadasssss Song", 1971
"Swing Time", 1936
"Swingers", 1996
"Swiss Army Man", 2016
"Sword of the Beast", 1965
"The Sword of Doom", 1966
"Symbiopsychotaxiplasm: Take One", 1968
"Sympathy for Lady Vengeance", 2005
"Sympathy for Mr. Vengeance", 2002
"Syndromes and a Century", 2006
"Synecdoche, New York", 2008
"T2 3-D: Battle Across Time", 1996
"Taboo", 1999
"Tabu", 1931
"Tabu", 2012
"Tae Guk Gi: The Brotherhood of War", 2004
"Taipei Story", 1985
"Take Shelter", 2011
"Taken", 2008
"The Taking of Pelham One Two Three", 1974
"The Taking of Power by Louis XIV", 1966
"The Tale of the Princess Kaguya", 2013
"Tale of Tales", 1979
"A Tale of the Wind", 1988
"A Tale of Winter", 1992
"Talk to Her", 2002
"Tampopo", 1985
"Tangerine", 2015
"Tangerines", 2013
"Tangled", 2010
"Tango & Cash", 1989
"Targets", 1968
"The Tarnished Angels", 1957
"Tarzan", 1999
"Taste of Cherry", 1997
"Taxi Driver", 1976
"Team America: World Police", 2004
"Tell No One", 2006
"Ten", 2002
"The Ten Commandments", 1956
"The Tenant", 1976
"Teorema", 1968
"The Terminator", 1984
"Terminator 2: Judgment Day", 1991
"Terms of Endearment", 1983
"The Testament of Dr. Mabuse", 1933
"Tetsuo: The Iron Man", 1989
"The Texas Chainsaw Massacre", 1974
"Thank You for Smoking", 2005
"That Obscure Object of Desire", 1977
"That Thing You Do!", 1996
"Thelma & Louise", 1991
"The Theory of Everything", 2014
"There Will Be Blood", 2007
"There's Something About Mary", 1998
"They Live", 1988
"They Live by Night", 1948
"They Were Expendable", 1945
"Thief", 1981
"The Thief of Bagdad", 1924
"The Thief of Bagdad", 1940
"The Thin Blue Line", 1988
"The Thin Man", 1934
"The Thin Red Line", 1998
"The Thing", 1982
"Things to Come", 1936
"The Third Generation", 1979
"The Third Man", 1949
"The Third Part of the Night", 1971
"Thirty Two Short Films About Glenn Gould", 1993
"This Is England", 2006
"This Is Spinal Tap", 1984
"Thor: Ragnarok", 2017
"Three Billboards Outside Ebbing, Missouri", 2017
"Three Brothers", 1981
"Three Colors: Blue", 1993
"Three Colors: Red", 1994
"Three Colors: White", 1994
"Three Kings", 1999
"Three Lives and Only One Death", 1996
"Three Monkeys", 2008
"Three Times", 2005
"Three Women", 1977
"Throne of Blood", 1957
"Through a Glass Darkly", 1961
"Through the Olive Trees", 1994
"Throw Down", 2004
"Throw of the Dice", 1930
"Tie Xi Qu: West of the Tracks", 2002
"The Tiger of Eschnapur", 1959
"Time Bandits", 1981
"The Time Machine", 1960
"Time of the Gypsies", 1988
"Time Regained", 1999
"A Time to Kill", 1996
"A Time to Live, a Time to Die", 1985
"Times Square", 1980
"The Tin Drum", 1979
"Tinker Tailor Soldier Spy", 2011
"Titanic", 1997
"Titicut Follies", 1967
"To Be or Not to Be", 1942
"To Catch a Thief", 1955
"To Have and Have Not", 1944
"To Kill a Mockingbird", 1962
"To Live", 1994
"To Live and Die in L.A.", 1985
"To the Wonder", 2013
"Together", 2000
"Tokyo Drifter", 1966
"Tokyo Godfathers", 2003
"Tokyo Olympiad", 1965
"Tokyo Sonata", 2008
"Tokyo Story", 1953
"Tom and Huck", 1995
"Tomboy", 2011
"Tombstone", 1993
"Tongues Untied", 1989
"Toni Erdmann", 2016
"Too Early/Too Late", 1981
"Tootsie", 1982
"Top Five", 2014
"Top Gun", 1986
"Top Hat", 1935
"Topsy-Turvy", 1999
"Torch Song Trilogy", 1988
"Tosun Pasa", 1976
"Total Recall", 1990
"Touch of Evil", 1958
"A Touch of Sin", 2013
"A Touch of Zen", 1971
"Touchez Pas Au Grisbi", 1954
"Touching the Void", 2003
"Touki Bouki", 1973
"The Towering Inferno", 1974
"The Town", 2010
"Toy Story", 1995
"Toy Story 2", 1999
"Toy Story 3", 2010
"Trading Places", 1983
"Traffic", 2000
"Training Day", 2001
"Trainspotting", 1996
"Transformers", 2007
"The Transformers: The Movie", 1986
"The Travelling Players", 1975
"The Treasure of the Sierra Madre", 1948
"Tree of Knowledge", 1981
"The Tree of Life", 2011
"The Tree of Wooden Clogs", 1978
"Tremors", 1990
"The Trial", 1962
"Trick 'R Treat", 2007
"A Trip to the Moon", 1902
"The Triplets of Belleville", 2003
"Tristana", 1970
"Triumph of the Will", 1935
"Tropical Malady", 2005
"Trouble in Paradise", 1932
"Truck Turner", 1974
"True Grit", 2010
"True Heart Susie", 1919
"True Romance", 1993
"The Truman Show", 1998
"Trust", 1990
"Tsotsi", 2005
"Tucker and Dale Vs Evil", 2010
"The Turin Horse", 2011
"Turkish Delight", 1973
"Turtles Can Fly", 2005
"Twelve Monkeys", 1995
"Twenty Years Later", 1985
"The Twilight Samurai", 2002
"Twin Peaks", 1989
"Twin Peaks: Fire Walk With Me", 1992
"Twister", 1996
"Two Days, One Night", 2014
"Two English Girls", 1971
"Two-Lane Blacktop", 1971
"Tyrannosaur", 2011
"Udaan", 2010
"Ugetsu", 1953
"Umberto D.", 1952
"The Umbrellas of Cherbourg", 1964
"Un Chien Andalou", 1929
"The Unbearable Lightness of Being", 1988
"The Unbelievable Truth", 1989
"Unbreakable", 2000
"Uncle Boonmee Who Can Recall His Past Lives", 2010
"Under the Shadow", 2016
"Under the Skin", 2014
"Underground", 1995
"Unfaithfully Yours", 1948
"Unforgiven", 1992
"United 93", 2006
"Universal Soldier: Day of Reckoning", 2012
"The Unknown", 1927
"Unknown Pleasures", 2002
"The Unscrupulous Ones", 1962
"Until the End of the World", 1991
"The Untouchables", 1987
"Up", 2009
"Up in the Air", 2009
"Up in Smoke", 1978
"Upgrade", 2018
"Upstream Color", 2013
"Used Cars", 1980
"Ushpizin", 2004
"The Usual Suspects", 1995
"Utu", 1984
"V for Vendetta", 2005
"Vagabond", 1985
"Valerie and Her Week of Wonders", 1970
"Vampire Hunter D: Bloodlust", 2000
"Vampyr", 1932
"Van Gogh", 1991
"The Vanishing", 1988
"Vanishing Point", 1971
"Veer-Zaara", 2004
"Vengeance", 2009
"Vengeance Is Mine", 1979
"The Verdict", 1982
"Veronika Voss", 1982
"Vertigo", 1958
"A Very Long Engagement", 2004
"Vicky Donor", 2012
"Victoria", 2015
"Video Nasties: Draconian Days", 2014
"Video Nasties: Moral Panic, Censorship & Videotape", 2014
"Videodrome", 1983
"Vinyl", 1965
"The Virgin Spring", 1960
"The Virgin Suicides", 1999
"Viridiana", 1961
"The Visitor", 2007
"Vive L'amour", 1994
"Vivre Sa Vie", 1962
"Viy", 1967
"Vizontele", 2001
"Voices Through Time", 1996
"Volver", 2006
"W.R. - Mysteries of the Organism", 1971
"Wadjda", 2012
"The Wages of Fear", 1953
"Wagon Master", 1950
"Wait Until Dark", 1967
"Waiting for Happiness", 2002
"Wake in Fright", 1971
"Waking Life", 2001
"Waking Ned", 1998
"Walk the Line", 2005
"Walkabout", 1971
"Wall Street", 1987
"WALL·E", 2008
"Waltz With Bashir", 2008
"Wanda", 1970
"The Wanderers", 1979
"War and Peace: Andrei Bolkonsky", 1965
"The War Game", 1965
"War Horse", 2011
"Warrior", 2011
"The Warriors", 1979
"Watchmen", 2009
"Watership Down", 1978
"The Wave", 2008
"The Wave", 2015
"Wavelength", 1967
"The Way", 2010
"Way Down East", 1920
"Way Out West", 1937
"Wayne's World", 1992
"The Wayward Cloud", 2005
"We All Loved Each Other So Much", 1974
"We Need to Talk About Kevin", 2011
"We Own the Night", 2007
"We Won't Grow Old Together", 1972
"The Wedding Banquet", 1993
"The Wedding March", 1928
"A Wednesday!", 2008
"Weekend", 1967
"Weekend", 2011
"Welcome to the Dollhouse", 1995
"Wendy and Lucy", 2008
"Werckmeister Harmonies", 2000
"West Side Story", 1961
"Whale Rider", 2003
"What Ever Happened to Baby Jane?", 1962
"What Love Is", 2007
"What Time Is It There?", 2001
"What We Do in the Shadows", 2014
"What's Eating Gilbert Grape", 1993
"The Wheel", 1923
"When Harry Met Sally...", 1989
"When Marnie Was There", 2014
"Where Eagles Dare", 1968
"Where Is My Friend's House?", 1987
"While You Were Sleeping", 1995
"Whiplash", 2014
"Whiskey Galore!", 1949
"Whisper of the Heart", 1995
"The White Balloon", 1995
"White God", 2014
"White Heat", 1949
"White Material", 2010
"The White Ribbon", 2009
"White Zombie", 1932
"Who Framed Roger Rabbit", 1988
"Who's Afraid of Virginia Woolf?", 1966
"Who's Camus Anyway?", 2005
"Who's That Knocking at My Door", 1967
"The Wicker Man", 1973
"Wild at Heart", 1990
"The Wild Bunch", 1969
"The Wild Child", 1970
"Wild Reeds", 1994
"Wild Strawberries", 1957
"Wild Tales", 2014
"Willy Wonka & the Chocolate Factory", 1971
"Winchester '73", 1950
"The Wind", 1928
"The Wind Rises", 2013
"Wind River", 2017
"The Wind That Shakes the Barley", 2006
"The Wind Will Carry Us", 1999
"Wings", 1927
"Wings of Desire", 1987
"Winter Light", 1963
"Winter Sleep", 2014
"Winter's Bone", 2010
"The Witch", 2016
"Within Our Gates", 1920
"Withnail & I", 1987
"Witness", 1985
"Witness for the Prosecution", 1957
"The Wizard of Oz", 1939
"The Wizard of Speed and Time", 1989
"Wolf Children", 2012
"The Wolf Man", 1941
"The Wolf of Wall Street", 2013
"Woman in the Dunes", 1964
"A Woman Is a Woman", 1961
"The Woman Next Door", 1981
"A Woman of Paris", 1923
"A Woman Under the Influence", 1974
"Women in Love", 1969
"Women on the Verge of a Nervous Breakdown", 1988
"Wonder", 2017
"Wonder Boys", 2000
"Wonder Woman", 2017
"Wood Job!", 2014
"Woodstock", 1970
"The World of Apu", 1959
"World on a Wire", 1973
"The World's Fastest Indian", 2005
"Wreck-It Ralph", 2012
"The Wrestler", 2008
"Written on the Wind", 1956
"Wrong", 2012
"The Wrong Man", 1956
"The Wrong Trousers", 1993
"Wuthering Heights", 1939
"Xala", 1975
"X-Men", 2000
"X2", 2003
"X-Men: First Class", 2011
"X-Men: Days of Future Past", 2014
"Y Tu Mamá También", 2001
"Yankee Doodle Dandy", 1942
"The Year of Living Dangerously", 1982
"Yellow Earth", 1984
"Yellow Submarine", 1968
"Yi Yi", 2000
"Yojimbo", 1961
"Yol", 1982
"You Can Count on Me", 2000
"You Don't Mess With the Zohan", 2008
"You, the Living", 2007
"The Young and the Damned", 1950
"Young Frankenstein", 1974
"The Young Girls of Rochefort", 1967
"Young Mr. Lincoln", 1939
"The Young One", 1960
"Your Name.", 2016
"Yoyo", 1965
"Z", 1969
"Zabriskie Point", 1970
"Zatoichi", 2003
"Zazie Dans Le Métro", 1960
"A Zed & Two Noughts", 1985
"Zelig", 1983
"Zero Dark Thirty", 2012
"Zero for Conduct", 1933
"Zero Kelvin", 1995
"Zindagi Na Milegi Dobara", 2011
"Zodiac", 2007
"Zombieland", 2009
"Zootopia", 2016
"Zulu", 1964
